brand,type,model,cubic_capacity,max_power,max_torque,seats,weight,max_engine_speed,seconds_to_100,top_speed,sports_car,tau
'Mercedes','SerieW124','D25O',2437,66,154.0,5,1320,4600,16.2,175,0,31.42790093
'Mercedes','SerieW124','300D',2996,80,185.0,5,1370,4600,13.7,190,0,28.33593385
'Mercedes','SerieW124','200T',1997,80,170.0,5,1390,5200,13.6,180,0,25.97710962
'Mercedes','SerieW201','190',1997,77,170.0,5,1080,5500,12.4,185,0,20.97002963
'Mercedes','SerieW124','230E',2299,100,205.0,5,1280,5100,10.4,203,0,19.82285527
'Mercedes','SerieW201','190E',1997,90,178.0,5,1100,5100,10.5,195,0,18.27326656
'Mercedes','Classe','560SEL',5547,220,455.0,5,1810,5000,7.2,245,1,15.87968682
