brand,type,model,cubic_capacity,max_power,max_torque,seats,weight,max_engine_speed,seconds_to_100,top_speed,sports_car,tau
'Volvo','300','34OBasesel',1596,40,100.0,5,1030,4800,20,140,0,36.40046677
'Volvo','760','GLEDT',2383,80,190.0,5,1375,4800,12.5,175,0,26.85747742
'Volvo','240','DL',1986,74,160.0,5,1230,5400,13.3,165,0,24.81645255
'Volvo','740','BreakGLETD',2383,80,205.0,7,1390,4800,13.5,175,0,30.37292842
'Volvo','740','BreakGLE',2316,96,190.0,5,1360,5400,10.5,182,0,21.97980381
'Volvo','760','Gleautoque',2849,115,235.0,5,1305,5700,10.5,185,0,18.54203008
